name,approved,bank_account,min_amount,max_amount,currency,tax_id
Apex Supplies Ltd.,yes,PK36 SCBL 0000 0011 2345 4421,100000,900000,PKR,4211001-7
Crescent Logistics (Pvt) Ltd,yes,PK24 HABB 0000 0022 3344 7783,50000,400000,PKR,4211002-5
Meridian IT Services,yes,PK71 MEZN 0000 0099 8877 5532,200000,1500000,PKR,3520003-1
Al-Noor Textiles (Pvt) Ltd,yes,PK11 MUCB 0000 0041 2233 1046,150000,1200000,PKR,3330104-9
Bolan Cement Traders,yes,PK58 ABPA 0000 0012 7788 2290,300000,2500000,PKR,5440105-2
Clifton Medical Supplies,yes,PK82 HABB 0000 0071 0045 6612,25000,350000,PKR,4220106-4
Datanet Telecom Solutions,yes,PK29 SCBL 0000 0013 9087 3378,80000,600000,PKR,4210107-6
Eastgate Security Services,yes,PK40 MEZN 0000 0055 1123 9014,120000,450000,PKR,3520108-8
Fazal Printing Press,yes,PK63 UNIL 0000 0032 6677 4407,10000,120000,PKR,3520109-1
Gulberg Facility Care,yes,PK17 ALFH 0000 0089 3344 5521,90000,380000,PKR,3520110-3
Hyderabad Agro Inputs,no,PK95 BAHL 0000 0021 5566 8830,40000,500000,PKR,4110111-5
Indus Water Engineering,yes,PK46 MUCB 0000 0063 1188 2265,250000,1800000,PKR,4220112-7
Jinnah Avenue Stationers,yes,PK72 HABB 0000 0019 4422 7709,5000,80000,PKR,6110113-0
Karakoram Freight Lines,yes,PK38 SCBL 0000 0077 6633 1190,150000,950000,PKR,1730114-2
Lahore Electrical Works,yes,PK05 ABPA 0000 0044 9911 3346,60000,700000,PKR,3520115-4
Margalla Catering Co.,yes,PK67 MEZN 0000 0028 3355 6683,30000,220000,PKR,6110116-6
Nishat Packaging Solutions,yes,PK21 ALFH 0000 0091 2277 4458,70000,650000,PKR,3520117-8
Orion Office Furniture,no,,20000,250000,PKR,
Pak Solar Energy Systems,yes,PK89 BAHL 0000 0036 8844 0072,400000,3000000,PKR,4210118-1
Quetta Mining Equipment,yes,PK53 MUCB 0000 0058 4466 9915,500000,4000000,PKR,5440119-3
Ravi Software House,yes,PK14 SCBL 0000 0024 7733 5587,150000,1200000,PKR,3520120-5
Sialkot Sports Goods Ltd,yes,PK76 HABB 0000 0068 1199 2234,45000,380000,PKR,3530121-7
Thar Coal Logistics,yes,PK32 ABPA 0000 0015 5522 8861,350000,2200000,PKR,4110122-0
Unity Auto Parts,yes,PK48 UNIL 0000 0083 6611 3349,20000,300000,PKR,3520123-2
Zarya Consulting Group,yes,"PK60 MEZN 0000 0047 9988 1123",200000,1000000,PKR,4210124-4
