Vendor Name;Approved;IBAN;Min Amount;Max Amount;Currency;NTN
Saddar Hardware Mart;yes;PK25 MUCB 0000 0052 8811 4473;"15,000";"180,000";PKR;4210201-1
Tariq Road Electronics;yes;PK83 SCBL 0000 0034 9922 6158;40000;500000;PKR;4210202-3
;yes;PK10 HABB 0000 0010 1010 1010;10000;90000;PKR;
Model Town Bakers;maybe;PK44 ALFH 0000 0066 3377 2219;5000;60000;PKR;3520203-5
Shahrah Builders;yes;PK62 BAHL 0000 0025 4488 7731;900000;300000;PKR;3520204-7
Ghazi Transporters;yes;12;50000;400000;PKR;1730205-9
Mall Road Opticians;yes;PK05 MEZN 0000 0039 5544 1186;10000;150000;Rupees;3520206-1
Saddar Hardware Mart Ltd;yes;PK25 MUCB 0000 0052 8811 4473;15000;180000;PKR;4210201-1
Liberty Books;yes;PK97 UNIL 0000 0071 2299 3354;8000;95000;PKR;3520207-3
Canal View Pharmacy;no;;20000;250000;PKR;
Expo Centre Events;yes;PK28 ABPA 0000 0057 6600 9942;abc;400000;PKR;4210208-5
Hill Park Nurseries;yes;PK66 HABB 0000 0043 7711 5507;12000;140000;PKR;4210209-7
